Model,auc,pr_auc,_f1_micro,_f1_macro,logloss,accuracy,precision_macro,recall_macro,f1_macro,target_f1,target_recall,target_precision,fbeta_1.5,fbeta_2.5,fbeta_4.0,log_loss,elapsed_time,total_size
LGBM_Dart_AUC_NEW_42,0.775,0.264,0.744,0.568,9.242,0.744,0.575,0.704,0.568,0.293,0.657,0.188,0.372,0.489,0.573,0.523,92.2,30.536121368408203
LGBM_Dart_AUC_NEW_273,0.775,0.264,0.743,0.567,9.275,0.743,0.574,0.703,0.567,0.292,0.656,0.187,0.371,0.488,0.572,0.524,92.8,30.5428466796875
LGBM_Dart_AUC_NEW_11,0.774,0.265,0.743,0.567,9.265,0.743,0.574,0.703,0.567,0.291,0.655,0.187,0.371,0.487,0.571,0.524,91.0,30.50135326385498
