Model,auc,pr_auc,_f1_micro,_f1_macro,logloss,accuracy,precision_macro,recall_macro,f1_macro,target_f1,target_recall,target_precision,fbeta_1.5,fbeta_2.5,fbeta_4.0,log_loss,elapsed_time,total_size
LGBM_Dart_AUC,0.775,0.263,0.73,0.56,9.736,0.73,0.573,0.705,0.56,0.287,0.675,0.183,0.369,0.492,0.582,0.541,131.2,21.83401393890381
LGBM_AUC,0.773,0.261,0.738,0.564,9.448,0.738,0.573,0.702,0.564,0.289,0.66,0.185,0.369,0.487,0.573,0.531,53.0,23.58625602722168
LGBM_AUC_All_Features,0.773,0.263,0.741,0.566,9.343,0.741,0.574,0.703,0.566,0.291,0.658,0.187,0.37,0.488,0.573,0.526,46.7,39.724907875061035
LGBM_AUC_Base_Features,0.759,0.243,0.715,0.547,10.278,0.715,0.566,0.69,0.547,0.272,0.661,0.171,0.352,0.474,0.566,0.561,17.1,21.20254135131836
LGBM_Weighted_LogLoss,0.755,0.239,0.748,0.564,9.073,0.748,0.57,0.684,0.564,0.281,0.608,0.182,0.354,0.46,0.535,0.52,12.6,11.85463809967041
Baseline_Only_CreditRatings,0.723,0.204,0.671,0.517,11.868,0.671,0.554,0.665,0.517,0.244,0.659,0.15,0.322,0.449,0.549,0.611,3.4,2.2067441940307617
