Model,auc,pr_auc,_f1_micro,_f1_macro,logloss,accuracy,precision_macro,recall_macro,f1_macro,target_f1,target_recall,target_precision,fbeta_1.5,fbeta_2.5,fbeta_4.0,log_loss,elapsed_time,total_size
LGBM_Dart_AUC,0.79,0.282,0.73,0.564,9.745,0.73,0.577,0.718,0.564,0.296,0.705,0.188,0.381,0.511,0.607,0.541,204.6,21.866262435913086
LGBM_AUC,0.789,0.276,0.735,0.567,9.539,0.735,0.577,0.715,0.567,0.297,0.692,0.189,0.38,0.506,0.598,0.533,73.7,23.58625602722168
LGBM_AUC_All_Features,0.787,0.275,0.739,0.568,9.419,0.739,0.577,0.713,0.568,0.296,0.682,0.189,0.379,0.502,0.592,0.528,57.0,39.724907875061035
LGBM_AUC_Base_Features,0.768,0.246,0.713,0.548,10.328,0.713,0.567,0.695,0.548,0.275,0.672,0.173,0.356,0.481,0.575,0.562,20.7,21.20254135131836
LGBM_Weighted_LogLoss,0.763,0.24,0.733,0.558,9.608,0.733,0.569,0.691,0.558,0.28,0.641,0.179,0.357,0.473,0.557,0.541,18.8,11.85463809967041
Baseline_Only_CreditRatings,0.729,0.199,0.677,0.521,11.632,0.677,0.554,0.666,0.521,0.246,0.654,0.152,0.324,0.449,0.547,0.613,2.3,2.1430463790893555
