Model,auc,pr_auc,_f1_micro,_f1_macro,logloss,accuracy,precision_macro,recall_macro,f1_macro,target_f1,target_recall,target_precision,fbeta_1.5,fbeta_2.5,fbeta_4.0,log_loss,elapsed_time,total_size
LGBM_Dart_AUC,0.775,0.263,0.743,0.567,9.279,0.743,0.574,0.702,0.567,0.291,0.654,0.187,0.37,0.487,0.571,0.524,87.5,30.62138843536377
LGBM_AUC,0.774,0.261,0.739,0.565,9.403,0.739,0.574,0.703,0.565,0.29,0.661,0.186,0.37,0.489,0.574,0.529,48.4,29.175323486328125
LGBM_AUC_All_Features,0.773,0.262,0.74,0.566,9.361,0.74,0.574,0.703,0.566,0.29,0.658,0.186,0.37,0.488,0.573,0.526,44.6,52.19529342651367
LGBM_AUC_Base_Features,0.759,0.243,0.715,0.548,10.267,0.715,0.566,0.691,0.548,0.273,0.661,0.172,0.352,0.475,0.566,0.561,16.1,27.94991397857666
LGBM_Weighted_LogLoss,0.755,0.239,0.746,0.563,9.171,0.746,0.569,0.684,0.563,0.28,0.611,0.181,0.353,0.461,0.537,0.524,12.3,15.30571174621582
Baseline_Only_CreditRatings,0.723,0.202,0.672,0.517,11.818,0.672,0.554,0.665,0.517,0.244,0.657,0.15,0.322,0.448,0.548,0.614,2.2,2.851797103881836
