Model,auc,pr_auc,_f1_micro,_f1_macro,logloss,accuracy,precision_macro,recall_macro,f1_macro,target_f1,target_recall,target_precision,fbeta_1.5,fbeta_2.5,fbeta_4.0,log_loss,elapsed_time,total_size
LGBM_Dart_AUC,0.788,0.285,0.757,0.584,8.744,0.757,0.585,0.721,0.584,0.316,0.678,0.206,0.398,0.515,0.598,0.511,104.6,14.454682350158691
LGBM_AUC,0.786,0.284,0.738,0.572,9.45,0.738,0.58,0.72,0.572,0.305,0.698,0.195,0.39,0.515,0.606,0.532,53.1,13.440165519714355
LGBM_AUC_All_Features,0.781,0.275,0.736,0.569,9.532,0.736,0.578,0.714,0.569,0.301,0.688,0.192,0.384,0.508,0.597,0.536,47.2,21.343239784240723
LGBM_AUC_Base_Features,0.763,0.259,0.711,0.548,10.417,0.711,0.567,0.692,0.548,0.277,0.669,0.174,0.357,0.481,0.574,0.567,14.6,11.27591609954834
LGBM_Weighted_LogLoss,0.753,0.243,0.709,0.547,10.493,0.709,0.567,0.693,0.547,0.277,0.674,0.174,0.358,0.483,0.577,0.613,11.5,5.727236747741699
Baseline_Only_CreditRatings,0.729,0.214,0.67,0.518,11.905,0.67,0.555,0.665,0.518,0.248,0.659,0.153,0.326,0.452,0.552,0.607,2.1,1.1555795669555664
