Model,auc,pr_auc,_f1_micro,_f1_macro,logloss,accuracy,precision_macro,recall_macro,f1_macro,target_f1,target_recall,target_precision,fbeta_1.5,fbeta_2.5,fbeta_4.0,log_loss,elapsed_time,total_size
LGBM_Dart_AUC,0.781,0.273,0.744,0.568,9.237,0.744,0.575,0.71,0.568,0.293,0.67,0.187,0.374,0.495,0.582,0.52,87.5,30.62138843536377
LGBM_AUC_All_Features,0.78,0.269,0.738,0.564,9.428,0.738,0.574,0.707,0.564,0.288,0.669,0.184,0.369,0.491,0.579,0.528,44.6,52.19529342651367
LGBM_AUC,0.776,0.26,0.726,0.557,9.885,0.726,0.571,0.707,0.557,0.283,0.685,0.179,0.366,0.492,0.587,0.548,48.4,29.175323486328125
LGBM_AUC_Base_Features,0.763,0.242,0.716,0.547,10.25,0.716,0.566,0.693,0.547,0.27,0.666,0.17,0.351,0.475,0.568,0.56,16.1,27.94991397857666
LGBM_Weighted_LogLoss,0.759,0.239,0.736,0.557,9.51,0.736,0.568,0.689,0.557,0.275,0.632,0.176,0.352,0.466,0.549,0.537,12.3,15.30571174621582
Baseline_Only_CreditRatings,0.73,0.204,0.673,0.519,11.773,0.673,0.555,0.672,0.519,0.246,0.671,0.15,0.325,0.454,0.558,0.613,2.2,2.851797103881836
