Model,auc,pr_auc,_f1_micro,_f1_macro,logloss,accuracy,precision_macro,recall_macro,f1_macro,target_f1,target_recall,target_precision,fbeta_1.5,fbeta_2.5,fbeta_4.0,log_loss,elapsed_time,total_size
LGBM_Dart_AUC,0.775,0.265,0.743,0.568,9.253,0.743,0.575,0.704,0.568,0.292,0.656,0.188,0.371,0.488,0.572,0.523,104.6,14.454682350158691
LGBM_AUC,0.774,0.262,0.738,0.565,9.447,0.738,0.574,0.704,0.565,0.29,0.664,0.186,0.37,0.49,0.576,0.531,53.1,13.440165519714355
LGBM_AUC_All_Features,0.774,0.264,0.741,0.566,9.349,0.741,0.574,0.702,0.566,0.29,0.656,0.186,0.369,0.487,0.571,0.526,47.2,21.343239784240723
LGBM_AUC_Base_Features,0.759,0.243,0.715,0.548,10.278,0.715,0.566,0.692,0.548,0.273,0.664,0.172,0.353,0.476,0.568,0.561,14.6,11.27591609954834
LGBM_Weighted_LogLoss,0.756,0.239,0.749,0.565,9.041,0.749,0.57,0.685,0.565,0.282,0.609,0.183,0.355,0.461,0.536,0.518,11.5,5.727236747741699
Baseline_Only_CreditRatings,0.723,0.202,0.673,0.518,11.78,0.673,0.554,0.666,0.518,0.245,0.656,0.151,0.323,0.448,0.548,0.612,2.1,1.1555795669555664
