Model,auc,pr_auc,_f1_micro,_f1_macro,logloss,accuracy,precision_macro,recall_macro,f1_macro,target_f1,target_recall,target_precision,fbeta_1.5,fbeta_2.5,fbeta_4.0,log_loss,elapsed_time,total_size
LGBM_Dart_AUC_NEW_11,0.784,0.265,0.748,0.573,9.083,0.748,0.578,0.711,0.573,0.299,0.667,0.192,0.379,0.498,0.582,0.517,91.0,30.50135326385498
LGBM_Dart_AUC_NEW_273,0.777,0.263,0.747,0.57,9.102,0.747,0.576,0.707,0.57,0.294,0.659,0.189,0.374,0.491,0.575,0.521,92.8,30.5428466796875
LGBM_Dart_AUC_NEW_42,0.772,0.26,0.747,0.567,9.115,0.747,0.573,0.7,0.567,0.289,0.643,0.186,0.366,0.48,0.562,0.521,92.2,30.536121368408203
